,Place
0,"Peru,Tacna"
1,"United States,Streetsboro"
2,"Dominican Republic,Santo Domingo"
3,"Poland,Gorzow Wielkopolski"
4,"Germany,Potsdam"
5,"Serbia,Belgrade"
6,"United States,Fulshear"
7,"Russia,Tuapse"
8,"Ecuador,Quito"
9,"United States,Franklin"
10,"Russia,Syktyvkar"
11,"Armenia,Vanadzor"
12,"Switzerland,Lausanne"
13,"Netherlands,7668"
14,"Netherlands,Amsterdam Airport Schiphol"
15,"Russia,Rodniki"
16,"United States,Warminster"
17,"Hungary,Balatonfured"
18,"Spain,Naron"
19,"Bulgaria,Veliko Tarnovo"
20,"Canada,Havelock-Belmont-Methuen"
21,"United States,Raleigh"
22,"Congo - Kinshasa,Bukavu"
23,"Russia,Kashira"
25,"Italy,Desenzano del Garda"
26,"Iceland,Reykjanesbaer"
27,"Hungary,Debrecen"
29,"Russia,Kalininets"
30,"Canada,Halifax"
31,"United States,Golden"
32,"Japan,Koshigaya"
33,"Germany,Bochum"
34,"Turkey,Balikesir"
35,"Germany,Rheda-Wiedenbruck"
36,"Colombia,Florencia"
37,"United States,Galveston"
38,"Belgium,Antwerp"
39,"Spain,Gandia"
40,"Bulgaria,Bansko"
41,"Russia,Stupino"
42,"Russia,Kimry"
43,"Myanmar (Burma),Yangon"
44,"Vietnam,Phan Thiet"
45,"Italy,Padua"
46,"Ukraine,Bila Tserkva"
47,"Slovenia,Ljubljana"
48,"Ukraine,Bohuslav"
49,"United States,Opa-locka"
50,"Russia,Ust-Ilimsk"
51,"Italy,San Giorgio delle Pertiche"
52,"Netherlands,Delft"
53,"Czechia,Zlin"
54,"Russia,Nizhny Novgorod"
55,"Russia,Kizlyar"
56,"Saudi Arabia,Medina"
57,"Turkey,Serik"
58,"Spain,Salou"
59,"Russia,Nizhnekamsk"
60,"Turkey,Adana"
61,"Spain,Elche"
62,"Germany,Passau"
63,"Russia,Pyatigorsk"
64,"Ukraine,Velykodolyns'ke"
65,"United States,Livermore"
66,"Russia,Kolomna"
67,"South Africa,Pietermaritzburg"
68,"Cyprus,Paphos"
69,"Germany,Tuttlingen"
70,"Morocco,Oujda"
71,"Russia,Novocherkassk"
73,"Egypt,Beni Suef"
74,"Russia,Yelizovo"
75,"Croatia,Zagreb"
76,"Russia,Novosibirsk"
77,"Italy,Casale Monferrato"
78,"Canada,Guelph"
79,"Russia,Essentuki"
80,"Finland,Loviisa"
81,"Russia,Argun"
82,"Morocco,Agadir"
83,"France,Merignac"
84,"United States,Woodruff"
85,"Finland,Turku"
87,"Bulgaria,Nessebar"
88,"Slovakia,Banska Bystrica"
89,"Russia,Salekhard"
90,"Italy,Paterno"
91,"United States,North Plainfield"
92,"Russia,Lyskovo"
93,"Switzerland,Locarno"
94,"Germany,Sankt Ingbert"
95,"United Kingdom,Scunthorpe"
96,"United Kingdom,Barnsley"
97,"Finland,Imatra"
98,"Russia,Samara"
99,"Ukraine,Korsun'-Shevchenkivs'kyi"
100,"Belarus,Viciebsk"
101,"South Korea,Taebaek-si"
102,"Ukraine,Hresivs'kyi"
103,"Belgium,Woluwe-Saint-Pierre"
104,"Russia,Blagoveshchensk"
105,"Hungary,Budapest"
106,"Russia,Sarapul"
107,"France,Prevessin-Moens"
108,"Sweden,Gothenburg"
109,"United States,Greater Landover"
110,"Ukraine,Sumy"
111,"Russia,Ulyanovsk"
112,"Ukraine,Kramatorsk"
113,"Sweden,Malmo"
114,"United States,La Crescenta-Montrose"
115,"Russia,Angarsk"
116,"Germany,Starnberg"
117,"Germany,Ettlingen"
118,"Montenegro,Niksic Municipality"
119,"Argentina,Cordoba"
120,"Russia,Dimitrovgrad"
121,"Sweden,Lulea"
122,"Russia,Zheleznogorsk"
123,"Ukraine,Cherkasy"
124,"Russia,Ostrov"
125,"Russia,Slavyanka"
126,"United Kingdom,Gloucester"
127,"Brazil,Florianopolis"
128,"Ukraine,Chornomorsk"
129,"Germany,Mulheim"
130,"Poland,Niepolomice"
131,"Japan,Suginami City"
132,"Russia,Kaspiysk"
133,"Japan,Kawasaki"
134,"Ukraine,Kerch"
135,"Spain,Murcia"
136,"Ukraine,Amvrosiivka"
137,"Egypt,Zagazig"
138,"Israel,Hadera"
140,"Switzerland,Unterageri"
141,"Russia,Biysk"
142,"Germany,Dachau"
143,"Armenia,Yerevan"
144,"Afghanistan,Kabul"
145,"United States,Silver Spring"
146,"United Kingdom,Peterborough"
147,"Turkey,Nevsehir"
148,"Côte d’Ivoire,Abidjan"
149,"Spain,Ibiza"
150,"United States,Sunset Beach"
151,"Ukraine,Antonivka"
152,"United States,Berkeley"
153,"Belarus,Baranovichi"
154,"Russia,Chekhov"
155,"South Korea,Eumseong-gun"
156,"United States,Fort Lauderdale"
157,"United Kingdom,Bridgwater"
158,"Russia,Bolshoy Kamen"
159,"Belgium,Overijse"
160,"Brazil,38402"
161,"United Arab Emirates,Fujairah"
162,"Germany,Schkeuditz"
163,"United States,Long Beach"
164,"Russia,Irkutsk"
165,"Spain,Barcelona"
166,"United Kingdom,Southend-on-Sea"
167,"United States,Prineville"
169,"Morocco,Tangier"
170,"United States,San Jose"
171,"Germany,Grunheide (Mark)"
172,"Ukraine,Chernivtsi"
173,"United Kingdom,Binfield"
174,"South Africa,Cape Town"
175,"Israel,Yavne"
176,"Bulgaria,Lovech"
177,"Switzerland,Teufen"
178,"United States,Clifton"
179,"Ukraine,Kropyvnytskyi"
181,"Hungary,Tapolca"
182,"Brazil,75709"
185,"Germany,Cologne"
186,"Russia,Osinovo"
187,"United States,Atlanta"
188,"United States,Philadelphia"
189,"Netherlands,Enschede"
190,"Germany,Aachen"
191,"South Korea,Hongseong-gun"
192,"Ukraine,Vovchans'k"
193,"South Korea,Pyeongtaek-si"
194,"Sweden,Osby"
195,"Italy,Palermo"
196,"Canada,Gatineau"
198,"Russia,Kislovodsk"
199,"Germany,Euskirchen"
200,"Russia,Sergiyev Posad"
201,"United Kingdom,Southport"
202,"Poland,Mierzyn"
203,"Belarus,Grodno"
204,"United States,Keller"
205,"Poland,Swiebodzin"
206,"Germany,Hofheim"
207,"Russia,Kirov"
208,"Russia,Barnaul"
209,"United Kingdom,Cardiff"
210,"Bulgaria,Plovdiv"
211,"Algeria,Setif"
212,"United States,Livingston"
213,"Belarus,Orsha"
214,"Russia,Tver"
215,"South Africa,Pretoria"
216,"Finland,Mikkeli Province"
217,"Spain,Badalona"
218,"Senegal,Dakar"
219,"Sweden,Skovde"
220,"Germany,Kelkheim"
221,"Russia,Marks"
222,"Ukraine,Zolotonosha"
223,"United States,Crystal Lake"
224,"Ukraine,Irpin'"
225,"United Kingdom,Plymouth"
226,"Ukraine,Shostka"
227,"United Kingdom,Gateshead"
228,"United States,Tacoma"
229,"Italy,Bolzano"
230,"Italy,Naples"
231,"Canada,St-Bruno-de-Montarville"
232,"United States,Reston"
233,"Ukraine,Radomyshl'"
234,"Russia,Pavlovsky Posad"
235,"Russia,Enem"
236,"Israel,Rishon LeTsiyon"
238,"Ukraine,Luhansk"
239,"Sweden,Boras"
240,"France,Cagnes-sur-Mer"
241,"United States,Ocean City"
242,"Russia,Kazan"
243,"France,Saint-Raphael"
244,"India,Agra"
245,"Russia,Kansk"
246,"Sweden,Jakobsberg"
247,"Russia,Rybinsk"
248,"Israel,Tiberias"
249,"Belgium,Liege"
250,"United Kingdom,Yeovil"
251,"United States,South Lake Tahoe"
253,"Germany,Friedberg"
254,"Russia,Priozersk"
255,"Finland,Hartola"
256,"France,Montreuil"
257,"Russia,Leninsk-Kuznetskiy"
258,"Japan,Kumagaya"
259,"Japan,Chiyoda City"
260,"Ukraine,Horlivka"
261,"United States,Fletcher"
262,"Vietnam,Tay Ninh"
263,"Sweden,Jonkoping"
264,"Russia,Kyshtym"
265,"United Kingdom,Wallington"
266,"Germany,Biberach"
267,"Russia,Chegem"
268,"South Korea,Daegu"
269,"Norway,Sola"
270,"Turkey,Fethiye"
271,"Colombia,Barranquilla"
272,"Russia,Temryuk"
273,"Netherlands,Eindhoven"
274,"Austria,Salzburg"
275,"Thailand,Pa Tong"
276,"Russia,Kommunar"
277,"Ukraine,Dnipro"
278,"France,Lorient"
279,"Spain,Empuriabrava"
280,"Latvia,Rezekne"
281,"Ukraine,Chernihiv"
282,"Russia,Elektrogorsk"
283,"Spain,Algeciras"
284,"Spain,La Canyada"
285,"United States,East Northport"
286,"United States,Citrus Heights"
287,"Russia,Kingisepp"
288,"Ukraine,Oktyabrs'ke"
289,"India,Pimpri-Chinchwad"
290,"Spain,Seville"
291,"Guatemala,Guatemala City"
292,"Ukraine,Hlukhiv"
293,"Morocco,Azemmour"
294,"United Kingdom,Wolverhampton"
295,"Mexico,Cancun"
296,"Russia,Ivanovo"
297,"Ukraine,Debal'tseve"
298,"Kazakhstan,61925"
299,"Italy,Verona"
300,"Russia,Ruzayevka"
301,"Finland,Helsinki"
302,"Brazil,83709"
303,"United States,Hallandale Beach"
304,"Morocco,Meknes"
305,"Germany,Germersheim"
306,"Israel,Be'er Sheva"
307,"Poland,Zgorzelec"
308,"Canada,London"
309,"United Kingdom,Ascot"
310,"Thailand,Laem Chabang"
311,"Russia,Olginka"
312,"Russia,Pyt-Yakh"
313,"France,Roissy-en-France"
314,"United States,Fort Worth"
315,"Slovenia,Kamnik"
316,"Russia,Neftekamsk"
318,"Norway,Levanger Municipality"
319,"United States,Boydton"
320,"Croatia,Rijeka"
321,"France,Cherbourg-Octeville"
322,"Belgium,Forest"
323,"Russia,Usolye-Sibirskoye"
324,"Russia,Nizhnevartovsk"
325,"Germany,Rosenheim"
326,"Germany,Oldenburg"
327,"Ukraine,Krasnohrad"
328,"Poland,Piaseczno"
329,"Germany,Remagen"
330,"Russia,Vorkuta"
331,"Sweden,Kiruna"
332,"France,Alfortville"
334,"Germany,Freiburg im Breisgau"
335,"France,Le Mesnil-Saint-Denis"
336,"Russia,Kirzhach"
337,"Netherlands,Haarlem"
338,"United States,Detroit"
339,"Togo,Lome"
340,"Canada,Mississauga"
341,"Russia,Krasnogorsk"
342,"Russia,Stary Oskol"
344,"Italy,Treviso"
345,"South Korea,Gangneung-si"
346,"Italy,Brescia"
347,"Venezuela,Caracas"
348,"Turkey,Cayirova"
349,"Russia,Mirny"
350,"Ukraine,Avdiivka"
352,"Russia,Staraya Kupavna"
353,"Sweden,Linkoping"
354,"Poland,Lublin"
355,"Italy,Pineto"
356,"Finland,Vaasa"
357,"Italy,Ancona"
358,"United States,New Orleans"
359,"Italy,Lamezia Terme"
360,"Russia,Artemovskiy"
362,"Russia,Severodvinsk"
363,"Brazil,53405"
364,"Russia,Usinsk"
365,"Russia,Kopeysk"
367,"Ukraine,Khrestivka"
368,"United States,Frisco"
369,"Finland,Salla"
370,"Russia,Krasnoyarsk"
371,"Russia,Meleuz"
372,"Russia,Solikamsk"
373,"Netherlands,Maastricht"
374,"Switzerland,Urdorf"
375,"Germany,Lubeck"
376,"Ukraine,Nikopol'"
377,"United States,Port Aransas"
378,"Russia,Kyzyl"
379,"China,Beijing"
380,"Mexico,Villahermosa"
381,"Russia,Tuymazy"
382,"Ukraine,Armyans'k"
383,"Germany,Wolfsburg"
384,"Kazakhstan,Shymkent"
385,"Cyprus,Larnaca"
386,"Switzerland,Zurich"
387,"Russia,Veliky Novgorod"
388,"Ukraine,Poltava"
389,"Germany,Zwickau"
391,"Netherlands,Soest"
392,"Australia,Perth"
393,"India,New Delhi"
394,"India,Pune"
395,"Thailand,Karon"
397,"Iran,Urmia"
398,"Czechia,Prague"
399,"Georgia,7668"
400,"United Arab Emirates,Abu Dhabi"
401,"United States,Chattanooga"
402,"France,Tourcoing"
403,"Morocco,Casablanca"
404,"Switzerland,Prangins"
405,"Ukraine,Smila"
406,"Russia,Novotroitsk"
407,"Ukraine,Chortkiv"
408,"Germany,Neumarkt in der Oberpfalz"
409,"Russia,Birsk"
410,"United States,Phenix City"
411,"Croatia,Dubrovnik"
412,"Latvia,Riga"
413,"Russia,Berezniki"
414,"Russia,Russkiy"
415,"United Kingdom,High Wycombe"
416,"Netherlands,Almelo"
417,"Israel,Ra'anana"
418,"Kazakhstan,Pavlodar"
419,"United States,Santa Ana"
420,"Serbia,Kragujevac"
421,"United States,North Fort Myers"
422,"Venezuela,Araure"
423,"Netherlands,Venray"
425,"Canada,Surrey"
426,"Switzerland,Emmen"
427,"Ireland,Greystones"
428,"Ukraine,Kadiivka"
429,"Sweden,Almhult"
430,"United States,Prattville"
431,"Indonesia,Majalaya"
432,"Russia,Istra"
433,"Russia,Raduzhny"
434,"Turkey,Marmaris"
435,"Brazil,Tres Lagoas"
436,"Panama,Panama City"
437,"Russia,Rostov-on-Don"
438,"Spain,Malaga"
439,"Kazakhstan,Kostanay"
440,"United Kingdom,Bracknell"
441,"United States,Monroe Township"
442,"Italy,Bologna"
443,"United States,Glenwood"
444,"Germany,Nettetal"
445,"Serbia,Novi Sad"
446,"Russia,Artyom"
447,"Germany,Aschaffenburg"
448,"Brazil,Sao Paulo"
449,"Belarus,Maladzyechna"
450,"Romania,Bacau"
451,"Belarus,Barysaw"
452,"Ukraine,Sorokyne"
453,"Germany,Selfkant"
454,"Russia,Tikhvin"
456,"Ukraine,Obukhiv"
458,"United States,New Bedford"
459,"Ukraine,Drohobych"
461,"Israel,Tel Aviv-Yafo"
462,"United States,Five Corners"
463,"Libya,Tripoli"
464,"United States,Merced"
465,"Belgium,Zaventem"
466,"Ukraine,Kremenets'"
467,"Italy,Teramo"
468,"Russia,Afipsky"
469,"Barbados,Saint Michael"
470,"Ukraine,Pryluky"
471,"France,Neuilly-sur-Seine"
472,"Brazil,74565"
473,"Germany,Stolberg (Rhineland)"
474,"Uzbekistan,Urgench"
475,"Rwanda,Kigali"
476,"United States,Scranton"
477,"Switzerland,Kusnacht"
478,"Mexico,Mexico City"
479,"Germany,Geislingen"
480,"United States,Stamford"
481,"Latvia,Ventspils"
482,"United States,Denver"
483,"Ukraine,Hola Prystan'"
484,"Thailand,Bangkok"
485,"Vietnam,Nha Trang"
486,"Indonesia,Kuta Selatan"
487,"United States,North Miami"
488,"Portugal,Setubal Municipality"
489,"Italy,Monza"
490,"Turkey,Erzurum"
491,"Italy,Venice"
492,"Thailand,Hua Hin"
493,"Japan,Yokohama"
494,"Russia,Inta"
495,"Russia,Nikolskoye"
496,"Finland,Harjavalta"
497,"Denmark,Copenhagen"
498,"United States,Indianapolis"
499,"France,Dieppe"
500,"Russia,Tsivilsk"
501,"Germany,Eichstatt"
502,"Bulgaria,Haskovo"
503,"United Kingdom,Brighton"
505,"Russia,Udomlya"
506,"United Kingdom,Margate"
507,"United States,Houston"
508,"Uruguay,Montevideo"
509,"South Korea,Suwon-si"
510,"Germany,4697"
511,"Germany,Leverkusen"
512,"Germany,Gutersloh"
513,"Norway,Bergen Municipality"
514,"Russia,Tobolsk"
515,"United States,Boca Del Mar"
516,"Ukraine,Uzhhorod"
517,"Turkey,Mersin"
518,"Germany,Waldkirch"
519,"United States,Clearwater"
520,"United States,Huntington Beach"
522,"France,Schiltigheim"
523,"Russia,Novokuybyshevsk"
524,"Finland,Lappeenranta"
525,"Russia,Kropotkin"
526,"Egypt,Badr City"
527,"Denmark,Ronne"
528,"Ukraine,Alushta"
529,"Russia,Dorokhovskoja"
530,"Central African Republic,Bangui"
531,"Germany,Holzgerlingen"
532,"France,Saint-Genis-Pouilly"
533,"Morocco,Beni-Mellal"
534,"Germany,Heidelberg"
535,"Ukraine,Kalmiuske"
536,"Russia,Naryan-Mar"
537,"Russia,Dzerzhinsk"
539,"Germany,Eschborn"
540,"United States,Hillsboro"
541,"United Kingdom,St Andrews"
542,"Ukraine,Bakhmut"
544,"Turkey,Guzelcamli"
545,"Finland,Pornainen"
546,"Montenegro,Budva Municipality"
547,"Italy,Pisa"
548,"Ukraine,Sambir"
549,"Greece,Corfu"
550,"United States,Gatlinburg"
551,"United States,Hilo"
552,"Ukraine,Terebovlya"
553,"United States,Huntley"
554,"Thailand,Pattaya City"
556,"Israel,Ashkelon"
557,"Moldova,Bender"
558,"Ukraine,Kozyatyn"
559,"Ukraine,Rivne"
560,"Paraguay,Asuncion"
561,"Russia,Serov"
562,"Lithuania,Alytus"
563,"Bulgaria,Svishtov"
564,"South Korea,Incheon"
565,"United States,North Miami Beach"
566,"Russia,Khimki"
567,"Germany,Offenburg"
568,"Germany,Wurzburg"
569,"United States,Birmingham"
570,"Russia,Vologda"
571,"United States,Tonawanda"
572,"Italy,Catanzaro"
573,"Brazil,59139"
575,"Germany,Mainz"
576,"Ukraine,Sokal"
577,"Russia,Gorki-2"
578,"Egypt,10th of Ramadan City"
579,"Portugal,Porto"
580,"Croatia,Split"
581,"Mauritius,Port Louis"
582,"Switzerland,Sion"
583,"United States,Dana Point"
584,"Germany,Muhldorf"
585,"Russia,Gatchina"
586,"Russia,Selyatino"
587,"South Korea,Gimhae-si"
589,"Germany,Krefeld"
590,"Saudi Arabia,Dammam"
591,"United States,Wildwood"
592,"United Kingdom,Maghull"
593,"Netherlands,Hoofddorp"
594,"France,Palaiseau"
595,"Greece,Alimos"
596,"Andorra,Andorra la Vella"
597,"Turkey,Silifke"
598,"Belarus,Zaslauje"
599,"Poland,Krakow"
600,"Russia,Naro-Fominsk"
601,"Russia,Voskresensk"
602,"Germany,Meissen"
603,"Indonesia,Makassar"
604,"Ukraine,Kalush"
605,"Latvia,Ogre"
606,"Czechia,Rychnov nad Kneznou"
607,"Thailand,Koh Samui"
608,"Ukraine,Pervomais'kyi"
609,"United Kingdom,Croydon"
610,"Spain,Adeje"
611,"Russia,Nakhabino"
612,"Egypt,Cairo"
613,"Netherlands,Hazerswoude-Dorp"
614,"Bulgaria,Sofia"
615,"Egypt,Sharm El-Sheikh"
616,"Turkey,Kemer"
617,"Netherlands,Berkel en Rodenrijs"
618,"Morocco,Fes"
619,"Russia,Argayash"
620,"India,Vijayawada"
621,"United States,Port Orange"
622,"Turkey,Karabuk"
623,"Spain,Sant Cugat del Valles"
624,"South Korea,Wando-gun"
625,"Germany,Rinteln"
626,"Cameroon,Yaounde"
627,"Russia,Shchyolkovo"
628,"Ukraine,Snizhne"
629,"Russia,Kaliningrad"
630,"Russia,Iskitim"
631,"Russia,Nizhny Tagil"
632,"Russia,Cheboksary"
633,"United Kingdom,Glasgow"
634,"Russia,24130"
635,"Czechia,Golcuv Jenikov"
636,"Spain,Las Palmas de Gran Canaria"
637,"Russia,Gorodishche"
638,"Portugal,Amadora"
639,"Russia,Nogliki"
640,"Russia,Maloyaroslavets"
641,"Russia,Revda"
642,"Denmark,Hedehusene"
643,"Thailand,Pak Phriao"
644,"Russia,Petrozavodsk"
645,"France,Perpignan"
646,"Spain,Alicante"
647,"Poland,Lodz"
648,"Russia,Gadzhiyevo"
649,"Ukraine,Yuzhnoukrains'k"
650,"Germany,Gaggenau"
651,"United Kingdom,Luton"
654,"Ireland,Lucan"
655,"Russia,Verkhnyaya Salda"
656,"United States,Toledo"
657,"Russia,Vyksa"
658,"United Kingdom,Wokingham"
660,"Russia,Gus-Khrustalny"
662,"Russia,Kostroma"
663,"Ukraine,Malyn"
664,"Netherlands,Krimpen aan den IJssel"
665,"Belarus,Mazyr"
666,"Russia,Chebarkul"
667,"South Korea,Ansan-si"
668,"Turkey,Yalikavak"
669,"France,Guyancourt"
670,"Russia,Malysheva"
671,"Belarus,Gomel"
672,"Ukraine,Zhashkiv"
673,"Montenegro,Kotor Municipality"
674,"Russia,Pavlovo"
675,"United Kingdom,Nottingham"
676,"Serbia,Kikinda"
677,"Morocco,Khouribga"
678,"Italy,Sesto San Giovanni"
679,"United States,Lansing"
680,"Russia,Kolchugino"
681,"France,Dijon"
682,"Russia,Trudovoye"
683,"United States,Lancaster"
684,"Germany,Falkensee"
685,"Brazil,Paraiso do Tocantins"
686,"Ukraine,Kamianske"
687,"United States,Gloucester"
688,"Austria,Strasswalchen"
689,"Ukraine,Balakliya"
690,"Ukraine,Lviv"
691,"United States,Seminole"
692,"United Kingdom,Leeds"
693,"Kazakhstan,Almaty"
694,"United States,Odenton"
695,"Libya,Benghazi"
696,"New Caledonia,Noumea"
697,"Lebanon,Beirut"
698,"Netherlands,Naaldwijk"
699,"Madagascar,Antananarivo"
700,"Greece,Chania"
701,"United States,Fort Madison"
702,"Germany,Halle (Saale)"
703,"South Korea,Seoul"
704,"France,Lorgues"
705,"Germany,Konstanz"
706,"Germany,Duderstadt"
707,"United States,Syracuse"
708,"Slovakia,Zilina"
709,"Ukraine,Yunokomunarivs'k"
710,"Russia,Chita"
712,"Germany,Goppingen"
714,"United Kingdom,Chatham"
715,"United States,Cincinnati"
716,"South Korea,Chilgok-gun"
717,"Greece,Alexandroupoli"
718,"Ukraine,Bakhmach"
719,"Mexico,Tulum"
720,"Germany,Duren"
721,"Russia,Korzhevskiy"
722,"United Kingdom,Bedford"
724,"Portugal,Rio Maior"
725,"Switzerland,Plan-les-Ouates"
726,"Italy,Iesi"
727,"Austria,Steyr"
728,"India,Bengaluru"
729,"Iran,Tabriz"
730,"Germany,Crailsheim"
731,"Netherlands,Amstelveen"
732,"Japan,Setagaya City"
733,"Poland,Bielsko-Biala"
734,"Russia,Voronezh"
735,"Kazakhstan,Nur-Sultan"
736,"Russia,Bataysk"
737,"Ukraine,Svatove"
738,"Poland,Rzeszow"
739,"Germany,Langen"
740,"Argentina,La Plata"
741,"Germany,Schwabisch Hall"
742,"Russia,Korenovsk"
743,"Ukraine,Yavoriv"
744,"Estonia,Maardu"
745,"Kazakhstan,Taldykorgan"
746,"Russia,Voronezjskaja"
747,"Ukraine,Pisochyn"
748,"Norway,Steinkjer Municipality"
749,"Serbia,Arandjelovac"
750,"France,Villeneuve-le-Roi"
751,"Montenegro,Budva"
752,"Nigeria,Maiduguri"
753,"Russia,Kineshma"
754,"United Kingdom,Epsom"
755,"Tunisia,Nabeul‎"
757,"Russia,Pervouralsk"
758,"Italy,Forte dei Marmi"
759,"Germany,Lauchhammer"
760,"Russia,Severomorsk"
761,"Russia,Likino-Dulyovo"
762,"Hungary,2233"
764,"United States,Secaucus"
765,"Germany,Bornheim"
766,"Brazil,53425"
767,"Egypt,Suez"
768,"United Kingdom,London"
769,"Russia,Kanash"
770,"Russia,Novokuznetsk"
771,"Hungary,6784"
772,"Russia,Ruza"
773,"Russia,Mozhga"
774,"Russia,Bryukhovetskaya"
775,"Russia,Svetogorsk"
776,"United States,Warwick"
777,"Norway,Hammerfest Municipality"
778,"Ukraine,Khotyn"
779,"Thailand,Rawai"
780,"United States,Scottsdale"
781,"Estonia,Johvi"
782,"United Kingdom,Borehamwood"
783,"Slovakia,Nitra"
784,"Kazakhstan,Semey"
785,"Belgium,Ghent"
786,"United States,Annandale"
787,"Italy,Varese"
789,"United States,Hollywood"
790,"Germany,Brunswick"
791,"Russia,Kungur"
792,"Costa Rica,San Jose"
793,"United Kingdom,Sandwich"
794,"United States,La Mesa"
795,"Thailand,Mai Khao"
796,"Brazil,61925"
797,"Finland,Kerava"
798,"Poland,Ilza"
799,"United Kingdom,Tilbury"
800,"Switzerland,Fislisbach"
801,"Mexico,Leon"
802,"Netherlands,Tilburg"
803,"Denmark,Aalborg"
804,"Russia,Reutov"
805,"Russia,Zhukovskiy"
806,"Belgium,Charleroi"
807,"Spain,Valladolid"
808,"Russia,Kartaly"
809,"Russia,Aksay"
810,"Israel,Netanya"
811,"Italy,Chieti"
812,"Netherlands,Leusden"
813,"Ukraine,Khust"
814,"Russia,Beloretsk"
815,"Poland,Katowice"
816,"United States,Woodbridge Township"
818,"Ukraine,Yenakijeve"
819,"United States,Dunwoody"
820,"Russia,Bologoye"
821,"Denmark,Lyngby"
822,"United States,Westminster"
823,"Germany,Grevenbroich"
824,"France,Royan"
825,"Russia,Mozhaysk"
826,"United Arab Emirates,Ras Al-Khaimah"
827,"Ukraine,Pershotravens'k"
828,"United States,Jacksonville"
829,"United States,Isla Vista"
830,"Netherlands,Zwolle"
831,"Russia,Vysokaya Gora"
832,"Russia,Lytkarino"
833,"Laos,Vientiane"
834,"Germany,Hanau"
835,"Turkey,Manavgat"
836,"Mexico,Guadalajara"
837,"United States,Lafayette"
838,"United States,Dublin"
839,"Ukraine,Volodymyr-Volynsky"
840,"United States,Mount Prospect"
841,"United States,West Chicago"
842,"Egypt,Damietta"
843,"Greece,Chalcis"
844,"Ukraine,Ivano-Frankivsk"
845,"United States,Dallas"
846,"Russia,Tuchkovo"
847,"Russia,Petropavlovsk-Kamchatskiy"
849,"Turkey,12214"
850,"Egypt,Dahab"
851,"Russia,Kotelniki"
852,"Belarus,Salihorsk"
853,"France,Cogolin"
854,"Mexico,Merida"
855,"Hungary,Keszthely"
856,"Germany,Limburg"
857,"Greece,Pireas"
858,"Russia,Yegoryevsk"
859,"Germany,Schwabach"
860,"Kazakhstan,Karagandy"
861,"Italy,Como"
862,"Israel,Giv'atayim"
863,"Canada,Kitchener"
864,"Russia,Mikhaylovka"
865,"Ukraine,Dobropillya"
867,"Finland,Kouvola"
868,"Czechia,Pilsen"
869,"Philippines,Cebu City"
870,"Italy,Pesaro"
871,"United States,Washington"
872,"Mexico,Alfredo V. Bonfil"
873,"France,Mandelieu-La Napoule"
874,"United States,Alpharetta"
875,"Indonesia,Timika"
876,"Ukraine,Feodosiya"
877,"New Zealand,Christchurch"
878,"China,Baoding"
880,"Russia,Novocheboksarsk"
881,"Japan,Koto City"
882,"Japan,Matsudo"
883,"Russia,Glazov"
884,"China,Chongqing"
885,"Taiwan,Taoyuan District"
886,"United States,Aventura"
887,"United States,Springfield"
888,"Russia,Kirishi"
889,"United Kingdom,Bootle"
890,"Russia,Frolovo"
891,"Namibia,Windhoek"
892,"United States,Burbank"
893,"United States,Antelope"
895,"Ukraine,Kam'yanets'-Podil's'kyi"
896,"Tunisia,Hammamet"
897,"United Kingdom,Telford"
898,"United States,Elk Grove Village"
899,"Italy,Trento"
900,"Germany,Achim"
901,"Spain,Granollers"
902,"United Kingdom,Milton Keynes"
903,"Belarus,Pinsk"
904,"Germany,Karlsruhe"
905,"Switzerland,Geneva"
906,"Uzbekistan,Nukus"
907,"Bangladesh,Pabna"
908,"Turkey,Bodrum"
909,"Germany,Bielefeld"
910,"United States,Las Vegas"
911,"Russia,Kizilyurt"
912,"Poland,Warsaw"
913,"Germany,Neuenhagen"
914,"Russia,Omsk"
915,"Poland,Bytom"
916,"Russia,83709"
917,"Russia,Shelekhov"
918,"Russia,Ramenskoye"
919,"United States,Anchorage"
920,"Spain,Valencia"
921,"Germany,Nuremberg"
922,"Sweden,Eslov"
923,"Russia,Kachkanar"
924,"Ukraine,Shpola"
925,"Sweden,Solna"
926,"Pakistan,Rawalpindi"
927,"Bulgaria,Pomorie"
928,"United Kingdom,Manchester"
929,"Russia,Krasnodar"
930,"Poland,Wroclaw"
931,"United States,Tampa"
932,"United States,Oakland"
933,"Turkey,Tekirova"
934,"Estonia,Rakvere"
935,"Zimbabwe,Harare"
936,"Germany,Sinsheim"
938,"United States,Germantown"
939,"Israel,Haifa"
940,"Germany,Garmisch-Partenkirchen"
941,"Russia,39404"
943,"South Africa,Durban"
944,"Croatia,Pula"
945,"Luxembourg,Luxembourg"
946,"Ukraine,Berdychiv"
947,"Czechia,Zatec"
948,"Ukraine,Sukhodil's'k"
949,"Poland,Kielce"
950,"Ukraine,Okhtyrka"
951,"Germany,Augsburg"
952,"Uzbekistan,Tashkent"
953,"France,Charleville-Mezieres"
954,"United States,Santa Clara"
955,"China,Nanjing"
956,"France,Compiegne"
957,"South Korea,Daejeon"
959,"Russia,Plast"
960,"United States,San Tan Valley"
961,"Russia,Korsakov"
962,"United States,Mint Hill"
963,"Spain,Alcobendas"
966,"France,Nanterre"
967,"Switzerland,Muri bei Bern"
968,"Mozambique,Beira"
969,"Lithuania,Siauliai"
970,"Ukraine,Stryi"
971,"Ukraine,Borshchiv"
972,"Ukraine,Bolekhiv"
973,"Uzbekistan,Namangan"
974,"Czechia,Ceske Budejovice"
975,"Estonia,Kohtla-Jarve"
976,"Norway,Oslo Municipality"
977,"Turkey,Avanos"
978,"Sudan,Khartoum"
979,"Canada,Poularies"
980,"Russia,Novoye Devyatkino"
981,"Switzerland,Montreux"
982,"United States,Ramsey"
983,"United States,Mason"
984,"Netherlands,Weesp"
985,"United States,Mountain View"
986,"Russia,Golitsyno"
987,"Russia,Ukhta"
988,"Switzerland,Crissier"
989,"Japan,Minato City"
990,"Russia,Arzamas"
991,"Spain,Mollet del Valles"
992,"Russia,Alexandrov"
993,"Netherlands,Duivendrecht"
994,"Ukraine,Polonne"
995,"Sweden,Taby"
997,"South Africa,Centurion"
998,"Russia,Asbest"
999,"Ukraine,Mykolaiv"
1000,"Sweden,Sandviken"
1001,"Russia,Berezovka"
1003,"Estonia,Keila"
1004,"United States,Hayward"
1005,"Germany,Delmenhorst"
1006,"Cyprus,Nicosia"
1007,"Canada,Saskatoon"
1008,"Nepal,Kathmandu"
1009,"Mexico,Cabo San Lucas"
1010,"Indonesia,Ubud"
1011,"Russia,Sarov"
1012,"Switzerland,Cham"
1013,"France,Belfort"
1014,"Germany,Emden"
1015,"Germany,Ulm"
1016,"Russia,Ivanteyevka"
1017,"Russia,Verkhnyaya Pyshma"
1018,"Finland,Kotka"
1019,"Hungary,8230"
1020,"Russia,Salavat"
1022,"Croatia,Porec"
1023,"Ukraine,Makiivka"
1024,"Portugal,Portimao"
1025,"United States,Glendale"
1026,"Russia,Troitsk"
1027,"Italy,Senigallia"
1028,"Uzbekistan,Bukhara"
1029,"Russia,Mytishchi"
1031,"United Kingdom,Farnham"
1032,"United States,Conroe"
1033,"Ukraine,Marhanets'"
1034,"Russia,Krasnoznamensk"
1035,"Ukraine,Dolyna"
1036,"South Korea,Geoje-si"
1037,"Russia,Novorossiysk"
1038,"United States,West Goshen"
1039,"Belgium,Etterbeek"
1040,"India,Coimbatore"
1042,"Saudi Arabia,Jeddah"
1044,"Russia,Kamyshin"
1045,"Yemen,Sana'a"
1046,"Ukraine,Hlobyne"
1047,"South Korea,Ulsan"
1048,"United States,Brandon"
1049,"Russia,Petrovskoye"
1050,"Czechia,Jenstejn"
1051,"Brazil,Aracaju"
1052,"United States,Middletown"
1053,"United States,Sunny Isles Beach"
1054,"Czechia,Prostejov"
1055,"United States,Cedarburg"
1056,"Japan,Chuo City"
1057,"Germany,Esslingen"
1058,"Australia,Brisbane"
1059,"Russia,Balashikha"
1060,"France,Sartrouville"
1061,"Belarus,Lida"
1062,"United States,St. Petersburg"
1063,"United States,Ashburn"
1064,"Russia,Beryozovsky"
1065,"Russia,Noyabrsk"
1067,"Kazakhstan,Uralsk"
1068,"Israel,Acre"
1069,"United States,Salt Lake City"
1070,"United States,Orlando"
1071,"Russia,Shakhovskaya"
1072,"Israel,Tirat Carmel"
1073,"United States,Bethesda"
1074,"United States,Concord"
1075,"Italy,San Benedetto del Tronto"
1076,"Russia,Volgodonsk"
1077,"Vietnam,Ho Chi Minh City"
1078,"Russia,Sertolovo"
1079,"Belarus,Zhodzina"
1080,"Portugal,Albufeira"
1081,"United States,Doral"
1082,"Turkey,Malatya"
1083,"France,Courbevoie"
1084,"Canada,Saint-Arsene"
1085,"United States,Nashville"
1087,"United States,Cape Coral"
1088,"Greece,Kos"
1089,"Russia,Тарасовка"
1090,"Spain,Santa Cruz de Tenerife"
1091,"Switzerland,St. Gallen"
1092,"United States,Boca Raton"
1093,"United States,Palm Beach Gardens"
1094,"Germany,Ehingen"
1095,"South Africa,Berea"
1096,"Russia,Nizhnyaya Tura"
1097,"Portugal,Lisbon"
1098,"United States,North Reading"
1099,"Russia,Chernomorskii"
1100,"Finland,Espoo"
1101,"Japan,Nagasaki"
1102,"Switzerland,Basel"
1103,"Romania,Constanta"
1104,"Ukraine,Vyshhorod"
1105,"Ukraine,Bryanka"
1106,"Russia,Otradny"
1107,"United Kingdom,Ware"
1108,"Russia,Zavidovo"
1109,"Turkey,Kirklareli"
1110,"Chile,Santiago"
1111,"Kyrgyzstan,Osh"
1112,"Switzerland,Hombrechtikon"
1113,"Italy,Reggio Emilia"
1114,"France,Saint-Barthelemy-d'Anjou"
1115,"Finland,Juuka"
1116,"India,Faridabad"
1117,"Maldives,Male"
1118,"United States,Nantucket"
1119,"Malaysia,Ampang Jaya"
1120,"Czechia,Brno"
1121,"Germany,Siegen"
1122,"Albania,Tirana"
1123,"Russia,Yekaterinburg"
1124,"Netherlands,Helmond"
1125,"Estonia,Valga"
1126,"United States,Marina del Rey"
1128,"Belgium,Brussels"
1129,"Germany,Pocking"
1130,"Indonesia,Jakarta"
1131,"Russia,Yablonovsky"
1132,"Germany,Bad Neuenahr-Ahrweiler"
1133,"United Kingdom,Liverpool"
1134,"Russia,Moscow"
1135,"Finland,Kuusamo"
1136,"Turkey,Istanbul"
1137,"Ukraine,Dzhankoi"
1138,"Russia,Krasnouralsk"
1139,"Austria,Graz"
1140,"Egypt,New Cairo City"
1141,"France,Lille"
1142,"Russia,Zagorjanskas"
1143,"Canada,Toronto"
1144,"Germany,Pforzheim"
1145,"Norway,As Municipality"
1146,"United States,Reno"
1147,"Germany,Friedrichshafen"
1148,"Germany,Magdeburg"
1149,"Ukraine,Bakhchysarai"
1150,"Iran,Isfahan"
1151,"Russia,Dolgoprudny"
1152,"Poland,Bydgoszcz"
1153,"Ukraine,Makariv"
1154,"Brazil,Recife"
1155,"Canada,Port Coquitlam"
1156,"United States,Cary"
1157,"Germany,Bad Reichenhall"
1158,"United States,Vancouver"
1159,"United States,Anaheim"
1160,"Belarus,Mogilev"
1161,"Argentina,Buenos Aires"
1162,"Latvia,Liepaja"
1163,"Russia,Anadyr"
1164,"Canada,Montreal"
1165,"Ukraine,Pervomais'k"
1167,"Russia,Vidnoye"
1168,"Russia,Kratovo"
1169,"Russia,Achinsk"
1170,"Germany,Wermelskirchen"
1171,"Germany,Petersberg"
1172,"Greece,Drama"
1173,"Russia,Zheleznodorozhny"
1174,"China,Guangzhou"
1175,"Russia,Komsomolsk-on-Amur"
1176,"Germany,Munich"
1177,"United States,Perkasie"
1178,"France,St-Laurent-du-Var"
1179,"Spain,Benidorm"
1180,"Brazil,13403"
1181,"Russia,Vyazma"
1182,"Germany,Forchheim"
1183,"Turkey,Denizli"
1184,"United States,Costa Mesa"
1185,"United Arab Emirates,Sharjah"
1186,"Ukraine,Novoazovs'k"
1187,"Germany,Wolgast"
1188,"Germany,Herne"
1189,"Netherlands,'s-Hertogenbosch"
1190,"Ukraine,Izmail"
1191,"United States,Frederick"
1192,"Russia,Buynaksk"
1193,"Vietnam,Vung Tau"
1194,"United States,Pasadena"
1195,"United States,Land O' Lakes"
1196,"Russia,Ul'yanovka"
1197,"India,Bhubaneswar"
1198,"Ukraine,Khrustalnyi"
1199,"Russia,Dubovoe"
1200,"Russia,Polysayevo"
1201,"United States,Aspen Hill"
1202,"Russia,Serpukhov"
1203,"Russia,Magadan"
1204,"Greece,Thessaloniki"
1205,"United States,Citrus Park"
1206,"Germany,Bunde"
1207,"Finland,Tarvasjoki"
1208,"Austria,Tulln"
1209,"Russia,Derbent"
1210,"Sweden,Molndal"
1211,"Ukraine,Lubny"
1212,"Switzerland,Winterthur"
1213,"Russia,88040"
1214,"United States,Celebration"
1215,"Russia,Surgut"
1216,"Canada,Kazabazua"
1217,"Kazakhstan,Kyzylorda"
1218,"France,Beziers"
1219,"United States,Bryant"
1220,"Ukraine,Tal'ne"
1221,"Russia,Borovichi"
1222,"Turkey,Side"
1223,"Austria,Parndorf"
1224,"France,Noisy-le-Grand"
1225,"Italy,Trieste"
1226,"Russia,Vanino"
1227,"Turkey,Samsun"
1228,"Russia,Elista"
1229,"France,La Teste-de-Buch"
1230,"Russia,Tyumen"
1232,"Italy,Bari"
1233,"Russia,Volokolamsk"
1234,"Vietnam,Bao Loc"
1235,"Poland,Sosnowiec"
1236,"Russia,Lukhovitsy"
1237,"United Kingdom,Retford"
1238,"Egypt,Hurghada"
1240,"United States,Jersey City"
1241,"Colombia,Bogota"
1242,"Ukraine,Sofiivka"
1243,"Russia,Bor"
1244,"Estonia,Narva"
1245,"Latvia,Jelgava"
1246,"India,Mysuru"
1247,"Germany,Ahrensburg"
1248,"United States,New Braunfels"
1249,"Norway,Sandnes Municipality"
1250,"United States,Edgartown"
1251,"Russia,Chusovskoye Urban Settlement"
1252,"Philippines,Antipolo"
1253,"Kazakhstan,Temirtau"
1254,"Vietnam,Thanh Hoa"
1255,"Germany,Schonefeld"
1256,"Germany,Julich"
1257,"Russia,Tolyatti"
1258,"Russia,Shatura"
1259,"France,Poissy"
1260,"United Kingdom,Southampton"
1261,"Bangladesh,Dhaka"
1262,"Germany,Issum"
1263,"France,Vallauris"
1264,"Turkey,Antalya"
1265,"New Zealand,Wellington"
1266,"Russia,Chelyabinsk"
1267,"Israel,Ashdod"
1268,"United Kingdom,Preston"
1269,"United States,Chicago"
1270,"Russia,Bogolyubovo"
1271,"Germany,Neubiberg"
1272,"Belarus,Brest"
1273,"Spain,Peniscola"
1274,"Russia,Grozny"
1275,"Belarus,Navapolatsk"
1276,"United States,Dearborn"
1277,"Russia,Gelendzhik"
1278,"United Kingdom,Nuneaton"
1279,"Russia,Starnikovo"
1280,"Russia,Kovrov"
1281,"Germany,Hennef"
1282,"Sweden,Lund"
1283,"United States,Bellevue"
1286,"Netherlands,Nijkerk"
1287,"Russia,Klin"
1288,"Romania,Bucharest"
1289,"United Kingdom,Belfast"
1290,"Russia,Oktyabrsky"
1291,"Luxembourg,Bissen"
1292,"United States,Moorestown"
1293,"Germany,Aue"
1294,"Indonesia,Denpasar"
1295,"France,Cannes"
1296,"Russia,Norilsk"
1297,"Poland,Szczecin"
1298,"Brazil,Boa Vista"
1299,"Russia,Zlatoust"
1300,"Lithuania,Marijampole"
1301,"France,Bordeaux"
1302,"Finland,Hamina"
1303,"Ukraine,Berdyans'k"
1304,"Switzerland,Bulle"
1305,"Ukraine,Zuhres"
1306,"United Kingdom,Banbury"
1307,"Netherlands,IJmuiden"
1308,"Argentina,Mendoza"
1309,"United States,Charlottesville"
1310,"Poland,Bialystok"
1311,"Netherlands,Rotterdam"
1312,"Hungary,Sopron"
1313,"Russia,Zelenodolsk"
1314,"Germany,Bernau bei Berlin"
1315,"Russia,Uchaly"
1316,"Israel,Jerusalem"
1317,"Italy,Lucca"
1318,"Czechia,Teplice"
1319,"Bulgaria,Kyustendil"
1320,"United Kingdom,Basingstoke"
1321,"United Kingdom,Dover"
1322,"Russia,Povarovo"
1323,"Norway,Lorenskog Municipality"
1324,"United States,Menlo Park"
1325,"Germany,Lauf an der Pegnitz"
1326,"Germany,Grossostheim"
1327,"Switzerland,Meyrin"
1328,"France,Saint-Denis"
1329,"Russia,Ust-Katav"
1330,"United States,Palm Valley"
1331,"Netherlands,Nieuwerkerk aan den IJssel"
1332,"Ukraine,Krasnohvardiis'ke"
1333,"Russia,Nadym"
1335,"United States,Palisades Park"
1336,"United States,Cheyenne"
1337,"Netherlands,Nijmegen"
1338,"Sierra Leone,Freetown"
1339,"Russia,Troedobelikovskiy"
1340,"Ukraine,Novohrad-Volyns'kyi"
1341,"Germany,Friedrichsdorf"
1342,"Finland,Kalajoki"
1343,"India,Mumbai"
1344,"Kazakhstan,Ekibastuz"
1345,"Russia,53425"
1346,"United States,Seattle"
1347,"Finland,Lahti"
1348,"South Korea,Changnyeong-gun"
1349,"Russia,Belogorsk"
1350,"Israel,Bat Yam"
1351,"United States,Truckee"
1352,"Spain,Chipiona"
1353,"Russia,Belgorod"
1354,"Russia,Yalutorovsk"
1355,"Ukraine,Yevpatoriya"
1356,"Russia,Yakutsk"
1357,"Russia,Losino-Petrovsky"
1358,"Gibraltar,Gibraltar"
1359,"Indonesia,Mengwi"
1360,"Spain,Basauri"
1361,"Russia,Nevinnomyssk"
1362,"Russia,8756"
1363,"Israel,Lod"
1364,"France,Biarritz"
1365,"South Korea,Gwangju"
1366,"Russia,Aleksandrovsk-Sakhalinskiy"
1367,"Hungary,7084"
1368,"France,La Grande-Motte"
1369,"Netherlands,The Hague"
1370,"Canada,Vancouver"
1371,"Russia,Orsk"
1372,"Denmark,Lemvig"
1373,"Ukraine,Romny"
1374,"Indonesia,Surabaya"
1375,"Russia,Ulan-Ude"
1376,"United Kingdom,Wembley"
1377,"Spain,Mataro"
1378,"Ethiopia,Addis Ababa"
1379,"Germany,Hamm"
1380,"Italy,Caltanissetta"
1381,"United States,New York"
1382,"Colombia,Zipaquira"
1384,"Israel,Holon"
1385,"Australia,Melbourne"
1386,"United States,Hartsdale"
1387,"India,Kanpur"
1388,"Ukraine,Myrnohrad"
1389,"France,Vannes"
1390,"Germany,Luneburg"
1391,"Ireland,Carlow"
1392,"Moldova,Balti"
1393,"Russia,Borisoglebsk"
1394,"France,Esvres"
1395,"Germany,Dresden"
1396,"Ukraine,Ternopil"
1397,"Russia,Solnechnogorsk"
1398,"South Africa,Johannesburg"
1399,"Montenegro,Tivat Municipality"
1400,"China,Fuzhou"
1401,"Germany,Leopoldshohe"
1403,"Italy,Catania"
1404,"Ukraine,Ilovais'k"
1405,"Israel,Petah Tikva"
1406,"United States,Santa Monica"
1407,"Russia,Chistopol"
1408,"United States,Altoona"
1409,"Spain,Palma"
1410,"Germany,Bedburg"
1411,"Denmark,Ballerup"
1412,"Finland,Jarvenpaa"
1413,"Montenegro,Herceg Novi"
1414,"Italy,Fermo"
1415,"Spain,Rivas-Vaciamadrid"
1416,"Russia,Penza"
1417,"Germany,Brackenheim"
1418,"Germany,Stuttgart"
1419,"Finland,Riihimaki"
1420,"Belgium,Ardooie"
1421,"Ukraine,Nova Vodolaha"
1422,"Russia,Novomikhailovskii"
1423,"France,Montbeliard"
1424,"Spain,San Cristobal de La Laguna"
1427,"United States,Redwood City"
1428,"Japan,Ota City"
1429,"China,Zhengzhou"
1430,"Morocco,Marrakesh"
1431,"Russia,Yurga"
1432,"Germany,Senftenberg"
1433,"Russia,Dagestanskie Ogni"
1434,"Netherlands,Arnhem"
1435,"Russia,Yaroslavl"
1436,"Russia,Belorechensk"
1437,"Ukraine,Enerhodar"
1439,"Vietnam,Hanoi"
1440,"Russia,Asha"
1441,"Greece,Kalamata"
1442,"Israel,Ramla"
1443,"Bosnia & Herzegovina,Sarajevo"
1444,"Poland,Jawor"
1445,"France,Lisieux"
1446,"United States,Pagosa Springs"
1447,"Russia,Apatity"
1448,"Austria,Vienna"
1449,"Italy,Parma"
1450,"United States,Palm Coast"
1451,"Russia,Bavly"
1452,"Ukraine,Rubizhne"
1453,"Russia,Industrial'nyy"
1454,"Germany,Postbauer-Heng"
1455,"Germany,Ilmenau"
1456,"Russia,Semender"
1457,"Germany,Garbsen"
1458,"Turkey,Konya"
1459,"Russia,Lysva"
1461,"Russia,Novoshakhtinsk"
1462,"Germany,Netphen"
1464,"Japan,Osaka"
1465,"Russia,Ust-Labinsk"
1466,"Russia,Naberezhnye Chelny"
1467,"Austria,Linz"
1468,"Netherlands,Europoort Rotterdam"
1469,"Russia,Plastunovskaya"
1470,"South Korea,Goyang-si"
1471,"Ukraine,Pavlohrad"
1473,"United States,North Port"
1474,"Russia,Spassk-Dalny"
1475,"France,Reyrieux"
1476,"Philippines,Paranaque"
1477,"Russia,Kurgan"
1478,"United States,Raritan"
1479,"United States,Chantilly"
1480,"India,Gurgaon"
1481,"Sweden,Haparanda"
1482,"Belgium,Peer"
1483,"Japan,Kawachi District"
1484,"Russia,Yeysk"
1485,"Romania,Iasi"
1486,"France,Metz"
1487,"Germany,Geldern"
1488,"Germany,Bergen auf Rugen"
1489,"Spain,Badajoz"
1490,"Greece,Acharnes"
1491,"United States,Wilton"
1492,"Lithuania,Palanga"
1493,"Russia,Novy Urengoy"
1495,"Germany,Neu-Ulm"
1496,"Spain,Bilbao"
1497,"Russia,Neryungri"
1498,"Russia,Nalchik"
1499,"Iraq,Baghdad"
1500,"Turkey,Cerkezkoy"
1501,"South Korea,Paju-si"
1502,"New Zealand,Invercargill"
1503,"Germany,Flensburg"
1504,"Russia,Prokhladny"
1505,"Germany,Haar"
1506,"United States,Forest City"
1507,"Germany,Morbach"
1508,"Ukraine,Nyzhnya Krynka"
1509,"Italy,Modena"
1510,"United States,Deerfield Beach"
1511,"Thailand,Phuket"
1512,"Tunisia,Sousse"
1513,"Portugal,Funchal"
1514,"United States,Rochester"
1515,"Germany,Boppard"
1516,"United Kingdom,Leatherhead"
1517,"Turkey,Canakkale"
1518,"Brazil,Rio de Janeiro"
1519,"United States,Minneapolis"
1521,"Russia,Lenina"
1522,"Poland,Parczew"
1523,"Uzbekistan,Andijan"
1524,"United States,Arlington"
1525,"Russia,Shuya"
1526,"Russia,Votkinsk"
1527,"France,Mougins"
1528,"Italy,Bergamo"
1529,"Russia,Juravskaia"
1530,"United States,Des Moines"
1531,"Cyprus,Strovolos"
1532,"Russia,Pskov"
1533,"Dominican Republic,Puerto Plata"
1534,"Russia,Murmansk"
1535,"Germany,Wuppertal"
1536,"United States,Pepperell"
1537,"United States,Cambridge"
1538,"Russia,Samarskoye"
1539,"Russia,Tula"
1540,"Brazil,24130"
1541,"Finland,Nivala"
1542,"Finland,Kuopio"
1543,"Spain,Zamora"
1544,"Somalia,Mogadishu"
1545,"France,Meudon"
1546,"Russia,Yuzhno-Sakhalinsk"
1547,"Russia,75709"
1548,"Russia,Seversk"
1549,"Malaysia,Kuala Lumpur"
1550,"Netherlands,Zandvoort"
1551,"Germany,Munster"
1552,"Ukraine,Zaporizhzhia"
1553,"Russia,Pushchino"
1554,"Russia,Dedovsk"
1555,"Germany,Heidenheim"
1556,"Mozambique,Maputo"
1557,"Germany,Duisburg"
1558,"Canada,Kingston"
1559,"Poland,Gdansk"
1560,"Ukraine,Kobelyaky"
1562,"Russia,Aprelevka"
1563,"Ukraine,Vinnytsia"
1564,"Austria,Villach"
1565,"Russia,Orekhovo-Zuyevo"
1566,"Russia,Arsenyev"
1567,"Germany,Oberhausen"
1568,"Ukraine,Bilhorod-Dnistrovs'kyi"
1569,"Germany,Freising"
1570,"United Kingdom,Birmingham"
1571,"Uzbekistan,Samarkand"
1572,"Russia,Yuzhnouralsk"
1573,"Ukraine,Zvenyhorodka"
1574,"Russia,Ozersk"
1575,"Vietnam,Tu Son"
1576,"India,Navi Mumbai"
1577,"Turkey,Hastane"
1578,"Russia,Pechora"
1579,"Germany,Olpe"
1580,"United States,Union Park"
1581,"Russia,Rossosh"
1583,"Ukraine,Horodok"
1584,"Netherlands,Schiedam"
1585,"Germany,Lohne"
1586,"United States,Brighton"
1587,"Russia,Balakovo"
1588,"Russia,Zarinsk"
1589,"Bulgaria,Sandanski"
1590,"Germany,Olching"
1591,"Russia,Engels"
1592,"Russia,Izhevsk"
1593,"Moldova,Tiraspol"
1594,"Switzerland,Opfikon"
1595,"Ukraine,Lyubotyn"
1596,"Ukraine,Brovary"
1598,"United States,Memphis"
1599,"United States,Santa Barbara"
1600,"United States,Moraga"
1601,"Germany,Sindelfingen"
1602,"Russia,9992"
1603,"Germany,Donauworth"
1604,"Russia,Domodedovo"
1605,"United Kingdom,Tamworth"
1607,"Kazakhstan,Taraz"
1608,"Sweden,Boden"
1609,"Canada,Abbotsford"
1610,"Russia,Lyubertsy"
1611,"United States,St. Louis"
1612,"Myanmar (Burma),Mandalay"
1613,"Russia,Poltavskaya"
1614,"India,Anantapur"
1615,"India,Kochi"
1616,"Ukraine,Alchevs'k"
1617,"Russia,Vyazniki"
1618,"Russia,Labinsk"
1619,"Venezuela,Porlamar"
1620,"Russia,Kinel"
1621,"Slovenia,Maribor"
1622,"Ukraine,Pereval's'k"
1623,"Netherlands,Maasvlakte Rotterdam"
1624,"Russia,Torzhok"
1625,"Israel,Kiryat Ata"
1626,"Russia,Vladivostok"
1627,"Uganda,Kampala"
1628,"France,Nimes"
1629,"Russia,Katav-Ivanovsk"
1630,"Russia,Sosnovoborsk"
1631,"Brazil,Campinas"
1632,"Belgium,Namur"
1633,"United States,Pleasanton"
1634,"Russia,Odintsovo"
1635,"Switzerland,Zug"
1636,"Japan,Shinagawa City"
1637,"Portugal,Sintra"
1638,"Russia,Тимофеевка"
1639,"Russia,Kurchatov"
1640,"United States,Bridgewater Township"
1641,"United States,Hialeah Gardens"
1642,"Morocco,Sale"
1643,"Russia,Shchyokino"
1644,"France,Montpellier"
1645,"Azerbaijan,Baku"
1646,"Lithuania,Klaipeda"
1647,"Netherlands,Hoorn"
1648,"Germany,Bremen"
1649,"Réunion,Saint Denis"
1650,"Bulgaria,Burgas"
1651,"France,Antibes"
1652,"Taiwan,Zhongli District"
1653,"Germany,Willich"
1654,"United States,Spokane Valley"
1655,"United States,Boardman"
1656,"United Kingdom,Royal Tunbridge Wells"
1657,"United States,Westport"
1658,"Germany,Rehau"
1659,"Israel,Herzliya"
1660,"Russia,Satka"
1661,"Ukraine,Lysychans'k"
1662,"Philippines,Quezon City"
1663,"Turkey,Oludeniz"
1664,"Russia,Elektrougli"
1665,"United States,Quincy"
1666,"Norway,Stavanger Municipality"
1667,"Italy,Lissone"
1668,"Ukraine,Starobil's'k"
1669,"Germany,Celle"
1670,"Russia,Magnitogorsk"
1671,"United States,Warren"
1672,"Ukraine,Odesa"
1673,"New Zealand,Auckland"
1674,"France,Pau"
1675,"United Kingdom,Horley"
1676,"Russia,Noginsk"
1677,"Russia,13403"
1678,"United States,Tewksbury"
1679,"Russia,Хомутово"
1680,"Russia,Volgograd"
1681,"Germany,Edewecht"
1682,"United States,Westview"
1683,"Russia,Kirovo-Chepetsk"
1684,"Russia,Poronaysk"
1685,"Norway,Ullensaker Municipality"
1686,"Russia,Pereslavl-Zalessky"
1688,"Norway,Sor-Varanger"
1689,"Poland,Olsztyn"
1690,"Turkey,Goynuk"
1691,"Turkey,Gaziantep"
1694,"Congo - Brazzaville,Brazzaville"
1695,"Russia,Uzlovaya"
1696,"Italy,Genoa"
1697,"Ukraine,Brody"
1698,"United States,Elkin"
1699,"Kyrgyzstan,Bishkek"
1700,"Poland,Poznan"
1701,"Russia,Prokopyevsk"
1702,"Mexico,Tapachula"
1703,"Italy,Udine"
1704,"Russia,Zvenigorod"
1705,"United States,Brookline"
1706,"Angola,Luanda"
1707,"Russia,Belebey"
1708,"Haiti,Port-au-Prince"
1709,"Ukraine,Uman'"
1710,"Ukraine,Sovjets'kyi"
1711,"United States,Waco"
1712,"Russia,Oryol"
1714,"Netherlands,Baarn"
1715,"Russia,Malakhovka"
1716,"Montenegro,Podgorica"
1717,"Russia,Shadrinsk"
1718,"Russia,Kaluga"
1719,"Germany,Bad Breisig"
1720,"Canada,Markham"
1721,"Russia,Ussuriysk"
1722,"Germany,Dortmund"
1723,"Russia,Petrovo-Dalneye"
1724,"Turkey,Bursa"
1725,"Sweden,Nybro"
1726,"Vietnam,Da Nang"
1727,"Greece,Heraklion"
1728,"Spain,Madrid"
1729,"France,Rouen"
1730,"Germany,Gilching"
1731,"Iceland,Reykjavik"
1732,"United States,Albion"
1733,"Germany,Alfter"
1734,"Ukraine,Yasynuvata"
1735,"Canada,Richmond Hill"
1736,"Ukraine,Kakhovka"
1737,"Italy,Andria"
1738,"United States,Mount Lebanon"
1739,"Kazakhstan,Petropavl"
1740,"Hungary,Biatorbagy"
1741,"Russia,Slavyansk-na-Kubani"
1742,"Ukraine,Kherson"
1743,"Luxembourg,Sanem"
1744,"Germany,Ludwigsburg"
1745,"Russia,Birobidzhan"
1746,"Mexico,San Pedro Garza Garcia"
1747,"Russia,Monchegorsk"
1748,"Italy,Brixen"
1749,"United States,Tulsa"
1751,"Russia,Volzhskiy"
1752,"Russia,Tikhoretsk"
1753,"Belarus,Minsk"
1754,"Russia,Sokouri"
1755,"Montenegro,Bar"
1756,"Turkey,Alanya"
1757,"Algeria,Oran"
1758,"United Kingdom,Camberley"
1759,"Spain,Vitoria-Gasteiz"
1760,"Italy,Livorno"
1761,"Poland,Szczecinek"
1762,"Germany,Marl"
1763,"Malaysia,Batu Caves"
1764,"Germany,Reutlingen"
1765,"Netherlands,Meppel"
1766,"Italy,Boves"
1767,"Finland,Porvoo"
1769,"Germany,Muhlhausen"
1770,"Russia,Dmitrov"
1771,"Russia,Beslan"
1772,"Italy,Rome"
1773,"Ukraine,Zhovti Vody"
1774,"Russia,Korolyov"
1775,"Finland,Tampere"
1776,"Russia,Aramil"
1777,"Russia,Smolensk"
1778,"Russia,Starokorsunskaya"
1779,"India,Ambur"
1780,"United States,Wheeling"
1781,"Germany,Lingen"
1782,"Israel,Modi'in-Maccabim-Re'ut"
1783,"United States,Glen Cove"
1784,"France,Boulogne-Billancourt"
1785,"France,Guingamp"
1786,"Venezuela,Maracaibo"
1787,"Germany,Osnabruck"
1788,"Italy,Lecco"
1789,"Germany,Wangen im Allgau"
1790,"France,Antony"
1791,"Egypt,6th of October City"
1792,"United States,San Francisco"
1793,"Germany,Griesheim"
1794,"Ukraine,Kup'yans'k"
1795,"Russia,Veliky Ustyug"
1796,"United States,Tracy"
1797,"Russia,Obninsk"
1798,"Russia,Lyuban"
1799,"Russia,Ishimbay"
1800,"Ukraine,Popasna"
1801,"Germany,Hemer"
1802,"United States,Kansas City"
1803,"Germany,Soest"
1804,"United Arab Emirates,Ajman"
1805,"Russia,Belovo"
1806,"United States,Sonoma"
1807,"Portugal,Santo Tirso"
1808,"United States,Cornelius"
1809,"Poland,Plock"
1810,"Thailand,Ratsada"
1811,"Cambodia,Phnom Penh"
1812,"United States,Framingham"
1813,"Bulgaria,Dobrich"
1814,"Russia,Kstovo"
1815,"Germany,Strausberg"
1816,"Russia,Lipitsy"
1817,"Russia,Tomilino"
1819,"Russia,Fryazino"
1820,"Ukraine,Lutsk"
1821,"Ukraine,Kostopil'"
1822,"Ukraine,Boyarka"
1823,"Ukraine,Bilohirs'k"
1825,"Russia,Zhigulevsk"
1826,"Croatia,Rovinj"
1827,"Switzerland,St-Imier"
1829,"Germany,Kiel"
1830,"Germany,Aichach"
1831,"Kuwait,Kuwait City"
1832,"United States,Glenvar Heights"
1833,"Belgium,Uccle"
1834,"Ukraine,Severodonetsk"
1835,"Italy,Busto Arsizio"
1836,"Faroe Islands,Torshavn"
1837,"Peru,Arequipa"
1838,"Russia,Kurovskoye"
1839,"Belgium,Mechelen"
1840,"Germany,Filderstadt"
1841,"Germany,Jena"
1842,"Denmark,Bagsvaerd"
1843,"Ukraine,Kovel'"
1844,"Ukraine,Synel'nykove"
1845,"United Kingdom,Musselburgh"
1846,"Ukraine,Krolevets'"
1847,"Finland,Vantaa"
1849,"Russia,Lesnoy Gorodok"
1850,"Ukraine,Voznesens'k"
1851,"Brazil,92323"
1852,"Turkey,Yalova"
1853,"United States,Grand Rapids"
1854,"Canada,Coquitlam"
1855,"Lithuania,Mazeikiai"
1856,"Brazil,Brasilia"
1857,"France,Nice"
1858,"Tajikistan,Dushanbe"
1859,"Iran,Shiraz"
1860,"Turkmenistan,Ashgabat"
1861,"Canada,Nelson"
1862,"Netherlands,9992"
1863,"United States,Norfolk"
1864,"Switzerland,Saas Fee"
1865,"Slovakia,Bratislava"
1866,"Germany,Bautzen"
1867,"Netherlands,Landsmeer"
1868,"Italy,Turin"
1869,"Canada,Kelowna"
1870,"Malaysia,Petaling Jaya"
1871,"Ukraine,Zolochiv"
1872,"Georgia,Batumi"
1873,"Ukraine,Khmelnytskyi"
1874,"Canada,Bolton"
1875,"Russia,Rostov"
1876,"Germany,Waldbrol"
1877,"Russia,Saratov"
1878,"Japan,Nagareyama"
1879,"United States,Lubbock"
1880,"Colombia,Monteria"
1881,"Russia,Sochi"
1882,"Ukraine,Dovzhansk"
1883,"China,Jinan"
1885,"Belarus,Babruysk"
1886,"Bulgaria,Sunny Beach"
1887,"Australia,Sydney"
1888,"Lithuania,Visaginas"
1889,"Ukraine,Chuhuiv"
1890,"Finland,Uusikaupunki"
1891,"Italy,Florence"
1892,"Germany,Emmerich"
1893,"Russia,Nizhnebakanskaya"
1894,"Indonesia,North Kuta"
1895,"Turkey,Kirikkale"
1896,"United States,Richmond"
1897,"Hungary,Mosonmagyarovar"
1898,"Ukraine,Sudak"
1899,"Germany,Thale"
1900,"Bulgaria,Varna"
1901,"Malaysia,Bayan Lepas"
1902,"Russia,Stavropol"
1903,"Germany,Langenhagen"
1904,"Indonesia,Kuta"
1905,"Russia,Vladimir"
1906,"United Kingdom,Iver"
1907,"United States,South San Francisco"
1908,"United States,Linden"
1909,"Germany,Wunstorf"
1910,"Spain,Humanes de Madrid"
1911,"Russia,92323"
1912,"United States,Phoenix"
1913,"Russia,Nazran"
1914,"Russia,Kraskovo"
1915,"France,Saint-Nazaire"
1916,"Belgium,Beveren"
1917,"Russia,Yoshkar-Ola"
1918,"Russia,Polevskoy"
1919,"Germany,Regensburg"
1920,"Spain,L'Hospitalet de Llobregat"
1921,"Russia,Mineralnye Vody"
1922,"Russia,Kirovsk"
1923,"Ukraine,Trostyanets'"
1924,"United Kingdom,Aberdeen"
1925,"Russia,Ufa"
1926,"Germany,Greven"
1927,"Belgium,Lommel"
1928,"United States,Nipomo"
1929,"United States,Tupelo"
1930,"Czechia,Karlovy Vary"
1931,"United States,San Bernardino"
1932,"Russia,Semibratovo"
1933,"Russia,Sovetsk"
1934,"Russia,Kresttsy"
1935,"Russia,Labytnangi"
1936,"Russia,Kamensk-Uralsky"
1937,"Ukraine,Zhytomyr"
1938,"Germany,Frankfurt"
1939,"Turkey,Arnavutkoy"
1940,"India,Ballari"
1941,"Mali,Bamako"
1942,"Germany,Singen"
1943,"Turkey,Mudanya"
1944,"Russia,Yelets"
1945,"Russia,Novotitarovskaya"
1946,"United Kingdom,Maidstone"
1947,"India,Kolkata"
1948,"Canada,Gander"
1949,"France,Marseille"
1950,"Russia,Salsk"
1951,"United Kingdom,Slough"
1952,"Russia,Shakhty"
1953,"Ukraine,Kremenchuk"
1954,"Russia,Taganrog"
1955,"Congo - Kinshasa,Kinshasa"
1956,"Montenegro,Rozaje Municipality"
1957,"Ukraine,Olevs'k"
1958,"Russia,Yuzhnyy"
1959,"Germany,Mannheim"
1960,"Russia,Kumertau"
1961,"United States,Solon"
1962,"Germany,Suhl"
1963,"Canada,Winnipeg"
1964,"Sweden,Marsta"
1965,"Italy,Milan"
1966,"United Kingdom,Blackburn"
1967,"Russia,Belaya Kalitva"
1968,"France,Menton"
1969,"Turkey,Sanliurfa"
1970,"Kazakhstan,Ust'-Kamenogorsk"
1971,"Morocco,Nador"
1972,"Russia,Orenburg"
1973,"Germany,Offenbach"
1974,"Tunisia,Tunis"
1975,"United States,Oyster Bay"
1976,"Finland,Orimattila"
1977,"Russia,Novouralsk"
1978,"Hungary,9954"
1979,"United States,Rolla"
1980,"China,Qingdao"
1981,"Indonesia,Malang"
1982,"Canada,Medicine Hat"
1983,"Ukraine,Dokuchajevs'k"
1984,"Germany,Dorsten"
1985,"United States,Ridgefield Park"
1986,"India,Visakhapatnam"
1987,"United States,Palmdale"
1988,"Italy,Riccione"
1989,"Switzerland,Pully"
1990,"Russia,Vladikavkaz"
1991,"Germany,Kleve"
1992,"Dominican Republic,Santiago De Los Caballeros"
1993,"Germany,Werdohl"
1994,"Germany,Walldorf"
1995,"Greece,Polygyros"
1996,"Russia,Snezhinsk"
1997,"United States,Weston"
1998,"United States,Hazleton"
1999,"Austria,Wolfurt"
2000,"Thailand,Si Sunthon"
2001,"Russia,Sterlitamak"
2002,"Ukraine,Vyshneve"
2003,"Russia,Velikiye Luki"
2004,"Turkey,Isparta"
2005,"Ukraine,Melitopol'"
2006,"United States,Sunnyvale"
2008,"United Kingdom,Dartford"
2009,"Russia,Murom"
2010,"Italy,Paderno Dugnano"
2011,"Germany,Meckenheim"
2012,"Russia,Bryansk"
2013,"Russia,Maykop"
2014,"Germany,Oberstdorf"
2015,"Sweden,Kungsangen"
2016,"Russia,Balakhna"
2018,"Russia,Wolno-Nadeschdinskoje"
2019,"Netherlands,Bergen"
2020,"Russia,Astrakhan"
2021,"Ukraine,Donetsk"
2024,"Syria,Damascus"
2025,"Russia,Safonovo"
2026,"Hungary,8161"
2027,"Latvia,Daugavpils"
2029,"Russia,Sosnovy Bor"
2030,"France,Reims"
2031,"Russia,Volkhov"
2032,"Russia,Tosno"
2033,"France,Niort"
2035,"United States,College Park"
2036,"Germany,Elmshorn"
2037,"Russia,Novoaltaysk"
2038,"Russia,Zavolzhye"
2039,"Colombia,Medellin"
2040,"France,Paris"
2041,"Bulgaria,Blagoevgrad"
2042,"Ukraine,Pokrovsk"
2043,"United States,Largo"
2044,"Turkey,Kayseri"
2045,"United Kingdom,Ely"
2046,"China,Shenzhen"
2047,"Bangladesh,59139"
2048,"Greece,Corinth"
2049,"Russia,Rubtsovsk"
2050,"Russia,Shlisselburg"
2051,"Germany,Koblenz"
2052,"Hungary,Heviz"
2053,"United States,San Diego"
2054,"Russia,Tynda"
2055,"Russia,Dzerzhinsky"
2056,"Russia,Kostomuksha"
2057,"Germany,Papenburg"
2058,"United States,Naples"
2059,"Russia,Elektrostal"
2061,"Sweden,Stockholm"
2062,"United States,Sacramento"
2063,"Russia,Slavgorod"
2064,"Russia,Beloozyorskiy"
2065,"United States,Westfield"
2066,"Romania,Timisoara"
2067,"Austria,Schwechat"
2068,"Morocco,Essaouira"
2069,"United States,Columbus"
2070,"Netherlands,8756"
2071,"Ireland,Limerick"
2072,"Germany,Aalen"
2073,"United States,Griffin"
2074,"Spain,Marbella"
2075,"Germany,Wiesbaden"
2076,"Russia,Goryachevodsky"
2077,"Ukraine,Pereiaslav"
2078,"Italy,Montesilvano"
2079,"France,Maisons-Alfort"
2080,"Thailand,Pak Chong"
2081,"United States,Palatka"
2082,"Germany,Kassel"
2083,"Czechia,Dolni Benesov"
2084,"Germany,Erkrath"
2085,"Sweden,Helsingborg"
2086,"United Kingdom,Marlow"
2087,"Finland,Jyvaskyla sub-region"
2088,"Canada,Quinte West"
2089,"United States,Farmington Hills"
2090,"Israel,Nahariyya"
2091,"United States,Miami Beach"
2092,"Russia,Emel'yanovo"
2093,"United States,Sandy Springs"
2094,"United States,Orland"
2095,"South Korea,Asan-si"
2096,"Sweden,Uddevalla"
2097,"Russia,Arkhangelsk"
2098,"Greece,Athens"
2099,"Tanzania,Dar es Salaam"
2100,"Serbia,Nis"
2101,"United States,Durant"
2102,"United States,Boston"
2103,"Germany,Kaiserslautern"
2104,"Russia,Konakovo"
2105,"United Kingdom,Sutton"
2106,"United States,Laurel"
2107,"Estonia,Tallinn"
2108,"Germany,Gronau"
2109,"Germany,Essen"
2110,"Ukraine,Chystiakove"
2111,"Russia,Gudermes"
2112,"Kenya,Nairobi"
2113,"Germany,Recklinghausen"
2114,"Thailand,Nakhon Si Thammarat"
2115,"Russia,Chernogolovka"
2116,"Ukraine,Lozova"
2117,"Germany,Solingen"
2118,"Israel,Kefar Sava"
2119,"Germany,Oberursel"
2120,"United States,Bridgeport"
2122,"Japan,Kashiwa"
2123,"Thailand,Surat Thani"
2124,"Germany,Bonn"
2125,"Czechia,Ostrava"
2126,"France,Strasbourg"
2127,"Germany,Appenweier"
2128,"Bangladesh,Rangpur"
2129,"Poland,Barlinek"
2130,"United States,Plano"
2132,"Finland,Joensuu"
2133,"Cyprus,Famagusta"
2134,"United States,Ormond Beach"
2135,"Austria,Saalfelden"
2136,"United States,Austin"
2137,"Ghana,Accra"
2138,"Ukraine,Mohyliv-Podil's'kyi"
2139,"Switzerland,Lancy"
2140,"United States,Laguna Niguel"
2141,"Sweden,Halmstad"
2142,"Ukraine,Haspra"
2143,"Germany,Calw"
2144,"Russia,Kandalaksha"
2145,"Germany,Hanover"
2146,"Russia,14076"
2147,"Italy,Campodarsego"
2148,"Sweden,Bollnas"
2149,"Mexico,Playa del Carmen"
2150,"Russia,Sibay"
2151,"Indonesia,Tangerang"
2152,"Canada,Ottawa"
2153,"Russia,Armavir"
2154,"India,Delhi"
2155,"Ukraine,Nova Kakhovka"
2156,"Moldova,Chisinau"
2157,"Philippines,Lipa"
2158,"Ukraine,Dolyns'ka"
2159,"Russia,Kugesi"
2160,"Russia,Urus-Martan"
2161,"United States,Purcellville"
2162,"Ukraine,Lutuhyne"
2163,"Germany,Leipzig"
2164,"Malaysia,Johor Bahru"
2165,"Russia,Kubinka"
2166,"Italy,Vicenza"
2167,"China,Shanghai"
2168,"United States,Rio Rancho"
2169,"Uzbekistan,Navoi"
2170,"Ukraine,Vasylkiv"
2171,"Russia,Azov"
2172,"Russia,Nefteyugansk"
2173,"Russia,Kemerovo"
2174,"United States,Portland"
2175,"Ukraine,Roven'ky"
2176,"Denmark,Vejle"
2177,"Pakistan,Islamabad"
2178,"Russia,Bobrovskiy"
2179,"Sweden,Sollentuna"
2180,"Russia,Podolsk"
2181,"Russia,Cherkessk"
2182,"Russia,Khotkovo"
2183,"Russia,Minusinsk"
2184,"Germany,Halle"
2185,"United States,Papillion"
2186,"United States,Milwaukee"
2187,"Ukraine,Polohy"
2189,"Germany,Gorlitz"
2190,"Ukraine,Kostyantynivka"
2191,"Sweden,Ekero"
2192,"France,Fontainebleau"
2193,"Germany,Radebeul"
2194,"Russia,Yakhroma"
2195,"United States,Pittsburgh"
2196,"Russia,Pushkino"
2197,"Ukraine,Fastiv"
2198,"France,Lyon"
2199,"Germany,Heilbronn"
2200,"Netherlands,Almere"
2201,"Ukraine,Slavutych"
2202,"Belarus,Recyca"
2203,"Ukraine,Zhmerynka"
2204,"Russia,Agoi"
2205,"Russia,Khasavyurt"
2206,"Sweden,Norrkoping"
2207,"United States,Weehawken"
2208,"Ukraine,Ovidiopol'"
2209,"Canada,Vaughan"
2210,"Belgium,Verviers"
2211,"Russia,Lipetsk"
2212,"Burundi,Bujumbura"
2213,"Sweden,Lidingo"
2214,"Russia,Krasnoarmeysk"
2215,"Guinea,Conakry"
2216,"United Kingdom,Newcastle upon Tyne"
2217,"Netherlands,Hilversum"
2219,"Japan,Nagoya"
2220,"Hungary,Paks"
2221,"Mongolia,Ulaanbaatar"
2222,"United States,Flossmoor"
2223,"Russia,Ryazan"
2224,"Russia,Lodeynoye Pole"
2225,"United States,Fremont"
2226,"Russia,Berdsk"
2228,"Russia,Cherepovets"
2229,"Germany,Baiersbronn"
2230,"Russia,Saransk"
2231,"Sweden,Sunne"
2232,"Italy,Maddaloni"
2233,"United States,Port Angeles"
2234,"Russia,Monino"
2235,"Russia,Nyagan"
2236,"United Kingdom,Chelmsford"
2237,"Germany,Monchengladbach"
2238,"Russia,Michurinsk"
2239,"Germany,Rostock"
2240,"Netherlands,Dronten"
2241,"India,Indore"
2242,"Australia,Adelaide"
2243,"Brazil,86039"
2244,"Ukraine,Chervonohrad"
2245,"Russia,Kursk"
2246,"Russia,Makhachkala"
2248,"Germany,Muhlheim am Main"
2249,"Russia,Vsevolozhsk"
2250,"Lithuania,Vilnius"
2251,"United States,Baltimore"
2252,"Germany,Berlin"
2253,"Japan,Ayase"
2254,"Germany,Herford"
2255,"France,Roubaix"
2256,"Russia,Novomoskovsk"
2257,"Germany,Petershagen"
2258,"Georgia,Tbilisi"
2260,"Belgium,Vielsalm"
2261,"Ukraine,Khartsyz'k"
2263,"Pakistan,Mian Channu"
2264,"Ukraine,Bucha"
2265,"Kazakhstan,Atyrau"
2267,"United States,North Bergen"
2268,"United States,Los Angeles"
2269,"United States,Bolton"
2270,"Germany,Hamburg"
2271,"Armenia,Gyumri"
2272,"Ukraine,Mariupol'"
2274,"Russia,Znamenskiy"
2275,"Ireland,Dublin"
2276,"Finland,Hyvinkaa"
2277,"Ukraine,Ukrainka"
2278,"United States,Attleboro"
2279,"French Guiana,Kourou"
2281,"Turkey,Izmir"
2282,"Austria,Amstetten"
2283,"Bosnia & Herzegovina,Banja Luka"
2284,"India,Chennai"
2285,"Brazil,Belo Horizonte"
2288,"Germany,Ludwigshafen"
2289,"Turkey,Urgup"
2290,"Germany,Bretten"
2291,"Russia,Nakhodka"
2292,"United States,Beaver Falls"
2293,"South Korea,Busan"
2294,"France,Rennes"
2295,"Morocco,El Jadida"
2296,"United States,Rockledge"
2297,"Croatia,Vinkovci"
2298,"Turkey,Ankara"
2299,"Portugal,Agueda"
2300,"Israel,Afula"
2301,"Turkey,Eregli"
2302,"Germany,Kelsterbach"
2303,"Cyprus,Limassol"
2304,"Japan,Shinjuku City"
2305,"United States,Unalaska"
2306,"Bulgaria,Stara Zagora"
2307,"Russia,Tarko-Sale"
2308,"United Kingdom,Liphook"
2309,"Ukraine,Simferopol"
2310,"Russia,Novoukrainskoye"
2312,"Germany,Boblingen"
2313,"Poland,Siedlce"
2314,"Germany,Norderstedt"
2315,"Morocco,Tetouan"
2316,"Saudi Arabia,Riyadh"
2317,"Russia,Vlasikha"
2318,"Germany,Menden"
2319,"Philippines,Makati"
2320,"Russia,Khanty-Mansiysk"
2321,"United States,Apex"
2322,"Germany,Hagenow"
2323,"Russia,Khabarovsk"
2324,"Germany,Cham"
2325,"Switzerland,Bern"
2326,"United Kingdom,Cambridge"
2327,"Ukraine,Myrhorod"
2328,"Switzerland,Ecublens"
2329,"Ukraine,Novomoskovs'k"
2331,"Lithuania,Kaunas"
2332,"Ukraine,Kryvyi Rih"
2333,"India,Noida"
2334,"Burkina Faso,Ouagadougou"
2335,"United States,Parsippany-Troy Hills"
2336,"Norway,Fredrikstad Municipality"
2337,"United States,Davie"
2338,"Ukraine,Shyroke"
2339,"France,Toulouse"
2340,"United Kingdom,Cheltenham"
2342,"Russia,Abakan"
2343,"Ukraine,Saky"
2344,"France,Ramatuelle"
2345,"Ukraine,9635"
2346,"Russia,Klimovsk"
2347,"Russia,Novaya Adygeya"
2348,"Turkey,Mugla"
2349,"Russia,Zarechnyy"
2350,"Russia,Anapa"
2351,"United Kingdom,Edinburgh"
2352,"Bahrain,Manama"
2353,"Egypt,Alexandria"
2354,"Ukraine,Kurakhove"
2355,"Finland,Oulu"
2356,"Russia,Vyshny Volochyok"
2357,"United Kingdom,Basildon"
2358,"United Kingdom,Oldbury"
2359,"United States,Odessa"
2360,"Netherlands,Bovenkarspel"
2361,"France,Chatou"
2362,"Ukraine,Yalta"
2363,"United States,Overland Park"
2364,"Russia,Gorno-Altaysk"
2365,"Nigeria,Lagos"
2366,"Cuba,Varadero"
2367,"Sweden,Upplands Vasby"
2368,"Nigeria,Abuja"
2369,"Hungary,Szeged"
2370,"Kazakhstan,Lisakovsk"
2371,"Ukraine,Horishni Plavni"
2373,"Mauritius,Vacoas-Phoenix"
2374,"Denmark,Gentofte"
2375,"United States,West Hartford"
2376,"United Kingdom,Royal Leamington Spa"
2377,"Russia,Miass"
2378,"Switzerland,Bad Ragaz"
2379,"Ukraine,Kyiv"
2380,"Netherlands,Utrecht"
2381,"United Kingdom,Reading"
2382,"United Arab Emirates,Dubai"
2383,"United Kingdom,Guildford"
2384,"Azerbaijan,Sumqayit"
2385,"United States,El Dorado Hills"
2386,"Qatar,Doha"
2387,"Turkey,Payallar"
2388,"Italy,Solaro"
2390,"Romania,Cluj-Napoca"
2391,"Ukraine,Hvardiis'ke"
2392,"United Kingdom,Stanwell"
2393,"United States,Walnut Creek"
2395,"Egypt,Giza"
2396,"Ukraine,Mukachevo"
2397,"Ukraine,Slovyansk"
2398,"United States,Greensboro"
2399,"United States,Forestdale"
2400,"Russia,Kamensk-Shakhtinsky"
2401,"United States,Irvine"
2402,"Russia,Vyborg"
2403,"South Korea,Jecheon-si"
2404,"Kazakhstan,Aktobe"
2405,"Nicaragua,Managua"
2406,"Ukraine,Holubivka"
2407,"Ukraine,Merefa"
2408,"Germany,Achern"
2410,"Canada,Calgary"
2411,"Czechia,Liberec"
2412,"Latvia,Jurmala"
2413,"Russia,Kotlas"
2414,"Japan,Narita"
2416,"Russia,Megion"
2417,"Sri Lanka,Colombo"
2418,"Germany,Dusseldorf"
2419,"Algeria,Constantine"
2420,"Ukraine,Boryspil'"
2421,"Finland,Hameenlinna"
2422,"Russia,Saint Petersburg"
2423,"United States,Thousand Oaks"
2424,"Canada,Spruce Grove"
2425,"Pakistan,Lahore"
2426,"Russia,Tomsk"
2428,"Russia,Bratsk"
2429,"Germany,Detmold"
2430,"Germany,Gross-Umstadt"
2431,"United States,Torrance"
2432,"Peru,Moquegua"
2433,"Philippines,Tarlac City"
2434,"Egypt,Luxor"
2435,"United States,Ann Arbor"
2436,"Japan,Mito"
2437,"Ukraine,Novhorod-Sivers'kyi"
2438,"Serbia,Sombor"
2439,"Cuba,Havana"
2440,"Germany,Rendsburg"
2441,"United States,Stony Brook"
2442,"Czechia,Ricany"
2443,"Russia,Tambov"
2444,"Russia,Chernyakhovsk"
2445,"Canada,Redwood Meadows"
2446,"Russia,Kuznetsk"
2447,"Germany,Erlangen"
2448,"Ukraine,Chornomors'ke"
2449,"Russia,Kushchyovskaya"
2450,"Russia,Kholmsk"
2451,"South Africa,Sandton"
2452,"United States,Brownsburg"
2453,"Russia,Zarechny"
2454,"Russia,Kanevskaya"
2455,"Italy,Cinisello Balsamo"
2456,"Uzbekistan,Fergana"
2457,"United Kingdom,Gravesend"
2458,"United Kingdom,Dunfermline"
2459,"Ukraine,Krasnoperekops'k"
2460,"United States,Kirkland"
2461,"United States,San Antonio"
2462,"Netherlands,Amsterdam"
2463,"Ukraine,Kolomyya"
2464,"United Kingdom,Exmouth"
2465,"United States,Bonita Springs"
2466,"Ukraine,Shakhtars'k"
2467,"United States,Trenton"
2468,"United Kingdom,Bournemouth"
2469,"Luxembourg,Strassen"
2470,"Ukraine,Kharkiv"
2471,"Spain,Donostia-San Sebastian"
2472,"United States,Wasilla"
2473,"Germany,Ingolstadt"
2474,"Israel,Safed"
2475,"United States,Coral Gables"
2476,"Italy,Lecce"
2477,"Denmark,Aarhus"
2478,"Russia,Kurumoch"
2479,"Russia,Dubna"
2480,"Russia,Protvino"
2481,"Russia,Lobnya"
2482,"Burkina Faso,Bobo-Dioulasso"
2483,"Norway,Alesund Municipality"
2484,"Switzerland,Lugano"
2485,"Russia,Perm"
2486,"Spain,Rubi"
2487,"Italy,Montecatini Terme"
2488,"United States,Newark"
2490,"Belarus,Polatsk"
2491,"Morocco,Kenitra"
2492,"Russia,Kiselyovsk"
2493,"United States,Miami"
2494,"Russia,Dalnegorsk"
2495,"Dominican Republic,La Romana"
2497,"Iran,Tehran"
2498,"Russia,Gaiduk"
2499,"Germany,Kranenburg"
2500,"Germany,Roth"
2501,"Ukraine,Antratsyt"
2502,"Ukraine,Sevastopol"
2503,"South Korea,Haman-gun"
2504,"Russia,Almetyevsk"
2505,"Russia,Beloyarsky"
2506,"Spain,Torre del Mar"
2507,"France,Avignon"
2508,"Japan,Saitama"
2510,"Germany,Erfurt"
2511,"Russia,Korkino"
2512,"United States,Coffeyville"
2513,"Morocco,Rabat"
2514,"United States,Calabasas"
2515,"Israel,Karmiel"
2516,"Turkey,Kusadasi"
2517,"Ukraine,Kaharlyk"
2518,"Germany,Neuss"
2519,"Denmark,Herning"
2520,"Russia,Mezhdurechensk"
2521,"Singapore,Singapore"
2522,"Russia,Syzran"
2523,"Estonia,Tartu"
2524,"United Kingdom,Egham"
2525,"Germany,Bottrop"
2526,"Spain,Torrevieja"
2527,"India,Hyderabad"
2528,"Japan,Kushimoto"
2529,"Norway,Drammen Municipality"
2530,"Israel,Ramat Gan"
2531,"United States,Woodbury"
